Feature,Importance,Original_Feature
trf2__u_symptom_Symptom 532,0.034444377,u
trf2__u_symptom_Symptom 506,0.031089803,u
trf2__u_symptom_Symptom 534,0.02263982,u
trf2__u_symptom_Symptom 458,0.019379225,u
trf2__u_symptom_Symptom 118,0.01871815,u
trf2__u_symptom_Symptom 127,0.014030034,u
trf2__u_symptom_Symptom 120,0.013521484,u
trf2__u_symptom_Symptom 517,0.013458781,u
trf2__u_symptom_Symptom 54,0.012614113,u
trf2__u_symptom_Symptom 454,0.011974415,u
trf2__u_symptom_Symptom 455,0.010536574,u
trf2__u_symptom_Symptom 295,0.010354053,u
trf2__u_symptom_Symptom 468,0.01034749,u
trf2__u_symptom_Symptom 465,0.009985003,u
trf2__u_symptom_Symptom 65,0.0096265385,u
trf2__u_symptom_Symptom 119,0.0093035335,u
trf2__u_symptom_Symptom 105,0.009187428,u
trf2__u_symptom_Symptom 87,0.008901628,u
trf2__u_symptom_Symptom 462,0.008868418,u
trf2__u_symptom_Symptom 116,0.007867369,u
trf2__u_symptom_Symptom 5,0.007796182,u
trf2__location_Location 125,0.0077181277,location
trf2__u_symptom_Symptom 114,0.007474334,u
trf2__u_symptom_Symptom 280,0.0074446793,u
trf2__u_symptom_Symptom 267,0.007307299,u
trf2__u_symptom_Symptom 263,0.007177937,u
trf2__u_symptom_Symptom 381,0.007175896,u
trf2__u_symptom_Symptom 587,0.006776085,u
trf2__u_symptom_Symptom 495,0.0065588295,u
trf2__u_symptom_Symptom 274,0.0063877385,u
trf2__u_symptom_Symptom 211,0.0059932196,u
trf2__u_symptom_Symptom 244,0.005830751,u
trf2__u_symptom_Symptom 70,0.005780605,u
trf2__u_symptom_Symptom 250,0.0056903916,u
trf2__u_symptom_Symptom 463,0.0056839273,u
trf2__u_symptom_Symptom 216,0.005624698,u
trf2__u_symptom_Symptom 286,0.005604143,u
trf2__u_symptom_Symptom 115,0.0055796616,u
trf2__u_symptom_Symptom 218,0.005441071,u
trf2__u_symptom_Symptom 9,0.005388264,u
trf2__u_symptom_Symptom 221,0.0050746193,u
trf2__u_symptom_Symptom 129,0.00500891,u
trf2__u_symptom_Symptom 435,0.0050083525,u
trf2__u_symptom_Symptom 252,0.004972594,u
trf2__u_symptom_Symptom 258,0.0049556266,u
trf2__u_symptom_Symptom 509,0.0049348893,u
trf2__location_Location 188,0.004757993,location
trf2__u_symptom_Symptom 217,0.0044940156,u
trf2__u_symptom_Symptom 519,0.004418022,u
trf2__u_symptom_Symptom 371,0.0043780673,u
trf2__u_symptom_Symptom 438,0.0043338607,u
trf2__u_symptom_Symptom 466,0.0043305466,u
trf2__u_symptom_Symptom 239,0.0042907894,u
trf2__u_symptom_Symptom 531,0.004253443,u
trf2__u_symptom_Symptom 596,0.0042490894,u
trf2__u_symptom_Symptom 232,0.0041274484,u
trf2__u_symptom_Symptom 420,0.0040879166,u
trf2__u_symptom_Symptom 292,0.0040763486,u
trf2__u_symptom_Symptom 102,0.0040763402,u
trf2__u_symptom_Symptom 222,0.0039796405,u
trf2__u_symptom_Symptom 259,0.0039790017,u
trf2__u_symptom_Symptom 8,0.00394701,u
trf2__u_symptom_Symptom 56,0.003860616,u
trf2__u_symptom_Symptom 301,0.0037870195,u
trf2__u_symptom_Symptom 375,0.003699324,u
trf2__u_symptom_Symptom 284,0.0036669883,u
trf2__u_symptom_Symptom 514,0.003585065,u
trf2__u_symptom_Symptom 130,0.0035497698,u
trf2__u_symptom_Symptom 296,0.0034853807,u
trf2__u_symptom_Symptom 609,0.0034466295,u
trf2__u_symptom_Symptom 457,0.0034316827,u
trf2__u_symptom_Symptom 257,0.0033893913,u
trf2__u_symptom_Symptom 247,0.0033753086,u
trf2__u_symptom_Symptom 44,0.0033382864,u
trf2__u_symptom_Symptom 508,0.0032296204,u
trf2__u_symptom_Symptom 391,0.0032154047,u
trf2__u_symptom_Symptom 277,0.0031747173,u
trf2__u_symptom_Symptom 282,0.0031509236,u
trf2__u_symptom_Symptom 241,0.0031003945,u
trf2__u_symptom_Symptom 526,0.0030753363,u
trf2__u_symptom_Symptom 520,0.003064241,u
trf2__u_symptom_Symptom 474,0.0030453124,u
trf2__u_symptom_Symptom 278,0.0030235043,u
trf2__u_symptom_Symptom 387,0.0029666477,u
trf2__u_symptom_Symptom 94,0.0029651036,u
trf2__u_symptom_Symptom 236,0.0029598707,u
trf2__u_symptom_Symptom 51,0.0029468038,u
trf2__u_symptom_Symptom 370,0.0029221748,u
trf2__u_symptom_Symptom 403,0.0028704721,u
trf2__u_symptom_Symptom 7,0.0028602292,u
trf2__u_symptom_Symptom 425,0.002810895,u
trf2__notify_Send Email,0.0026919872,notify
trf2__u_symptom_Symptom 376,0.0026897155,u
trf2__u_symptom_Symptom 332,0.0026518838,u
trf2__u_symptom_Symptom 10,0.0026505801,u
trf2__u_symptom_Symptom 266,0.002570413,u
trf2__u_symptom_Symptom 361,0.0025440366,u
trf2__u_symptom_Symptom 577,0.0024704572,u
trf2__u_symptom_Symptom 288,0.0024343408,u
trf2__u_symptom_Symptom 50,0.0024333615,u
trf2__u_symptom_Symptom 264,0.0024324614,u
trf2__u_symptom_Symptom 117,0.002390543,u
trf2__u_symptom_Symptom 592,0.0023828496,u
trf2__u_symptom_Symptom 66,0.002374868,u
trf2__u_symptom_Symptom 93,0.0023731706,u
trf2__u_symptom_Symptom 55,0.0023511867,u
trf2__u_symptom_Symptom 608,0.0023366343,u
trf2__u_symptom_Symptom 423,0.0023290373,u
trf2__u_symptom_Symptom 471,0.0023138374,u
trf2__u_symptom_Symptom 242,0.0022900153,u
trf2__u_symptom_Symptom 372,0.0022889725,u
trf2__u_symptom_Symptom 431,0.0022711656,u
trf2__u_symptom_Symptom 606,0.0022677104,u
trf2__u_symptom_Symptom 106,0.002267212,u
trf2__u_symptom_Symptom 23,0.002252448,u
trf2__u_symptom_Symptom 293,0.0022520234,u
trf2__u_symptom_Symptom 397,0.00224171,u
trf2__u_symptom_Symptom 33,0.0022133547,u
trf2__u_symptom_Symptom 294,0.0022091395,u
trf2__u_symptom_Symptom 20,0.0022009593,u
trf2__u_symptom_Symptom 272,0.0021272844,u
trf2__u_symptom_Symptom 261,0.0020990076,u
trf2__u_symptom_Symptom 214,0.0020894138,u
trf2__u_symptom_Symptom 513,0.0020815923,u
remainder__knowledge,0.0020795169,knowledge
trf2__u_symptom_Symptom 256,0.0020738682,u
trf2__location_Location 236,0.0020383974,location
trf2__u_symptom_Symptom 113,0.001961882,u
trf2__u_symptom_Symptom 389,0.0019532442,u
trf2__u_symptom_Symptom 569,0.0019461032,u
trf2__u_symptom_Symptom 456,0.001943631,u
trf2__u_symptom_Symptom 329,0.0019407496,u
trf2__u_symptom_Symptom 510,0.0019359854,u
trf2__u_symptom_Symptom 571,0.0018930038,u
trf2__u_symptom_Symptom 601,0.0018646396,u
trf2__u_symptom_Symptom 444,0.0018433413,u
trf2__u_symptom_Symptom 421,0.001836724,u
trf2__location_Location 76,0.0018148914,location
trf2__location_Location 109,0.0018144025,location
trf2__contact_type_Self service,0.0017948436,contact
trf2__u_symptom_Symptom 101,0.0017844427,u
trf2__location_Location 156,0.0017591107,location
trf2__u_symptom_Symptom 237,0.0017584343,u
trf2__u_symptom_Symptom 325,0.0017551506,u
trf2__u_symptom_Symptom 573,0.0017508673,u
trf2__u_symptom_Symptom 518,0.0017416641,u
trf2__u_symptom_Symptom 110,0.0017324827,u
trf2__u_symptom_Symptom 319,0.0017320865,u
trf2__u_symptom_Symptom 22,0.0017290438,u
trf2__u_symptom_Symptom 209,0.0017242932,u
trf2__u_symptom_Symptom 62,0.0017178371,u
trf2__u_symptom_Symptom 595,0.0016817481,u
trf2__location_Location 212,0.0016789174,location
trf2__u_symptom_Symptom 48,0.0016733843,u
trf2__u_symptom_Symptom 464,0.0016663925,u
trf2__u_symptom_Symptom 566,0.0016490724,u
trf2__u_symptom_Symptom 548,0.0016405118,u
trf2__u_symptom_Symptom 287,0.0016224358,u
trf2__u_symptom_Symptom 281,0.001611504,u
trf2__u_symptom_Symptom 273,0.0015978557,u
trf2__u_symptom_Symptom 469,0.0015699031,u
trf2__u_symptom_Symptom 255,0.001560224,u
trf2__u_symptom_Symptom 134,0.0015504509,u
trf2__u_symptom_Symptom 112,0.0015217168,u
trf2__u_symptom_Symptom 88,0.001514612,u
trf2__u_symptom_Symptom 11,0.001509157,u
trf2__u_symptom_Symptom 227,0.0014786391,u
trf2__u_symptom_Symptom 226,0.0014777294,u
trf2__u_symptom_Symptom 382,0.0014733549,u
trf2__u_symptom_Symptom 398,0.0014579489,u
trf2__location_Location 25,0.0014485883,location
trf2__u_symptom_Symptom 396,0.001416614,u
trf2__u_symptom_Symptom 208,0.0014108905,u
trf2__location_Location 70,0.0014099397,location
trf2__location_Location 200,0.0014051702,location
trf2__location_Location 235,0.001402855,location
trf2__u_symptom_Symptom 424,0.0014010452,u
trf2__u_symptom_Symptom 401,0.0013941005,u
trf2__u_symptom_Symptom 467,0.001389691,u
trf2__contact_type_Phone,0.0013845605,contact
trf2__location_Location 241,0.0013785121,location
trf2__u_symptom_Symptom 304,0.0013746159,u
trf2__location_Location 247,0.0013707684,location
trf2__u_symptom_Symptom 491,0.0013692162,u
trf2__location_Location 245,0.0013652826,location
trf2__u_symptom_Symptom 512,0.001364079,u
trf2__u_symptom_Symptom 368,0.0013582513,u
trf2__location_Location 222,0.0013577641,location
trf2__u_symptom_Symptom 598,0.001354588,u
trf2__u_symptom_Symptom 254,0.0013526627,u
trf2__location_Location 155,0.0013508815,location
trf2__u_symptom_Symptom 579,0.0013452836,u
trf2__u_symptom_Symptom 86,0.0013202798,u
trf2__u_symptom_Symptom 331,0.001311857,u
trf2__u_symptom_Symptom 235,0.0012875359,u
trf2__location_Location 97,0.0012862785,location
trf2__u_symptom_Symptom 557,0.0012597664,u
trf2__u_symptom_Symptom 523,0.0012572737,u
trf2__location_Location 52,0.0012484276,location
trf2__u_symptom_Symptom 553,0.001235344,u
trf2__u_symptom_Symptom 291,0.0012194536,u
trf2__location_Location 199,0.0012116688,location
trf2__u_symptom_Symptom 245,0.0012038684,u
trf2__u_symptom_Symptom 544,0.0012013693,u
trf2__location_Location 117,0.0012011476,location
trf2__u_symptom_Symptom 589,0.0011904245,u
trf2__u_symptom_Symptom 315,0.0011897333,u
trf2__u_symptom_Symptom 67,0.0011882484,u
trf2__location_Location 148,0.0011777318,location
trf2__location_Location 221,0.0011763108,location
trf2__location_Location 17,0.0011729089,location
trf2__u_symptom_Symptom 529,0.0011647603,u
trf2__u_symptom_Symptom 379,0.0011565665,u
trf2__u_symptom_Symptom 69,0.0011515705,u
trf2__u_symptom_Symptom 533,0.0011479752,u
trf2__u_symptom_Symptom 443,0.0011449689,u
trf2__u_symptom_Symptom 358,0.0011412634,u
trf2__u_symptom_Symptom 365,0.0011320268,u
trf2__u_symptom_Symptom 328,0.001107606,u
trf2__u_symptom_Symptom 279,0.0010968415,u
trf2__u_symptom_Symptom 409,0.0010959738,u
trf2__u_symptom_Symptom 97,0.001095239,u
trf2__u_symptom_Symptom 406,0.001093558,u
trf2__u_symptom_Symptom 492,0.0010886041,u
trf2__u_symptom_Symptom 207,0.0010880742,u
trf2__location_Location 51,0.0010875395,location
trf2__u_symptom_Symptom 183,0.0010856525,u
trf2__u_symptom_Symptom 260,0.0010819093,u
trf2__u_symptom_Symptom 148,0.001070661,u
trf2__u_symptom_Symptom 271,0.0010597088,u
trf2__u_symptom_Symptom 169,0.001057369,u
trf2__u_symptom_Symptom 470,0.0010528037,u
trf2__location_Location 190,0.0010506591,location
trf2__location_Location 118,0.0010474912,location
trf2__u_symptom_Symptom 594,0.0010423593,u
trf2__u_symptom_Symptom 228,0.001040765,u
trf2__location_Location 208,0.0010398448,location
trf2__location_Location 40,0.0010383113,location
trf2__u_symptom_Symptom 473,0.0010349313,u
trf2__location_Location 122,0.0010271561,location
trf2__u_symptom_Symptom 374,0.0010269142,u
trf2__location_Location 169,0.0010196846,location
trf2__location_Location 237,0.0010155957,location
trf2__u_symptom_Symptom 121,0.001011754,u
trf2__u_symptom_Symptom 233,0.0010051904,u
trf2__u_symptom_Symptom 305,0.0010046735,u
trf2__notify_Do Not Notify,0.0009987066,notify
trf2__location_Location 64,0.00099861,location
trf2__u_symptom_Symptom 99,0.0009935758,u
trf2__u_symptom_Symptom 213,0.0009924682,u
trf2__u_symptom_Symptom 426,0.0009878832,u
trf2__u_symptom_Symptom 429,0.0009853428,u
trf2__location_Location 41,0.0009848921,location
trf2__u_symptom_Symptom 602,0.0009795736,u
trf2__location_Location 12,0.000973584,location
trf2__u_symptom_Symptom 522,0.0009586287,u
trf2__u_symptom_Symptom 215,0.0009543319,u
trf2__location_Location 187,0.0009518028,location
trf2__location_Location 81,0.00095098256,location
trf2__u_symptom_Symptom 460,0.00093940675,u
trf2__u_symptom_Symptom 583,0.00093239715,u
trf2__location_Location 196,0.00092364475,location
trf2__location_Location 59,0.0009224844,location
trf2__u_symptom_Symptom 524,0.0009110942,u
trf2__u_symptom_Symptom 311,0.0009107794,u
trf2__location_Location 249,0.00090518064,location
trf2__u_symptom_Symptom 333,0.0009018938,u
trf2__u_symptom_Symptom 600,0.0008958837,u
trf2__u_symptom_Symptom 4,0.0008925818,u
trf2__u_symptom_Symptom 74,0.00088349136,u
trf2__u_symptom_Symptom 449,0.0008752212,u
trf2__location_Location 24,0.00087469496,location
trf2__location_Location 240,0.0008738354,location
trf2__location_Location 66,0.00087235303,location
trf2__location_Location 69,0.00087077386,location
trf2__location_Location 160,0.00086352363,location
trf2__location_Location 91,0.0008497532,location
trf2__location_Location 21,0.0008439868,location
trf2__location_Location 75,0.0008344387,location
trf2__u_symptom_Symptom 240,0.0008303856,u
trf2__location_Location 243,0.00082930306,location
trf2__u_symptom_Symptom 79,0.0008231142,u
trf2__u_symptom_Symptom 6,0.00081954914,u
trf2__location_Location 213,0.0008171193,location
trf2__u_symptom_Symptom 559,0.0008127433,u
trf2__location_Location 153,0.0008085847,location
trf2__location_Location 170,0.0008064686,location
trf2__u_symptom_Symptom 419,0.00080143113,u
trf2__u_symptom_Symptom 156,0.0008001305,u
trf2__u_symptom_Symptom 597,0.00079044804,u
trf2__u_symptom_Symptom 418,0.00077837205,u
trf2__u_symptom_Symptom 521,0.00077653327,u
trf2__location_Location 44,0.0007738492,location
trf2__u_symptom_Symptom 593,0.0007734834,u
trf2__location_Location 174,0.0007731993,location
trf2__location_Location 82,0.0007699202,location
trf2__location_Location 98,0.0007679502,location
trf2__location_Location 232,0.0007646224,location
trf2__u_symptom_Symptom 43,0.0007632503,u
trf2__u_symptom_Symptom 47,0.00076262164,u
trf2__location_Location 85,0.0007552525,location
trf2__u_symptom_Symptom 212,0.00075449474,u
trf1__urgency,0.0007463695,urgency
trf2__location_Location 186,0.00074137305,location
trf2__u_symptom_Unknown,0.0007346347,u
trf2__location_Location 167,0.0007336261,location
trf2__location_Location 27,0.0007320108,location
trf2__u_symptom_Symptom 177,0.0007315131,u
trf2__u_symptom_Symptom 310,0.00073142746,u
trf2__location_Location 79,0.0007304934,location
trf2__u_symptom_Symptom 475,0.0007293161,u
trf2__u_symptom_Symptom 29,0.00072848937,u
trf2__location_Location 121,0.00072571926,location
trf2__location_Location 34,0.0007237608,location
trf2__u_symptom_Symptom 285,0.0007164302,u
trf2__u_symptom_Symptom 246,0.00071466283,u
trf2__location_Location 231,0.000708995,location
trf2__u_symptom_Symptom 430,0.0007069414,u
trf2__u_symptom_Symptom 504,0.0007044434,u
trf2__u_symptom_Symptom 432,0.00070425123,u
trf2__u_symptom_Symptom 92,0.0007030883,u
trf2__u_symptom_Symptom 210,0.0006997747,u
trf2__u_symptom_Symptom 486,0.0006992625,u
trf1__impact,0.0006971495,impact
trf2__u_symptom_Symptom 249,0.00069342373,u
trf2__u_symptom_Symptom 541,0.00069333805,u
trf2__location_Location 242,0.0006916768,location
trf2__location_Location 177,0.00068677356,location
trf2__location_Location 20,0.00068601413,location
trf2__location_Location 180,0.0006848039,location
trf2__location_Location 210,0.00068438106,location
trf2__location_Location 4,0.000680689,location
trf2__u_symptom_Symptom 494,0.000680097,u
trf2__location_Location 23,0.000679774,location
trf2__location_Location 38,0.00067894656,location
trf2__u_symptom_Symptom 152,0.00066866266,u
trf2__u_symptom_Symptom 472,0.0006595238,u
trf2__u_symptom_Symptom 581,0.0006578667,u
trf2__location_Location 54,0.00065641437,location
trf2__u_symptom_Symptom 219,0.0006536145,u
trf2__location_Location 220,0.0006533845,location
trf2__u_symptom_Symptom 35,0.00065301097,u
trf2__location_Location 110,0.0006515558,location
trf2__u_symptom_Symptom 499,0.0006490904,u
trf2__location_Location 116,0.0006464206,location
trf2__location_Location 36,0.0006409451,location
trf2__location_Location 73,0.0006382877,location
trf2__u_symptom_Symptom 26,0.00063040905,u
trf2__u_symptom_Symptom 564,0.0006294336,u
trf2__location_Location 28,0.00062886835,location
trf2__location_Location 47,0.0006262212,location
trf2__u_symptom_Symptom 25,0.00062619837,u
trf2__u_symptom_Symptom 530,0.0006246963,u
trf2__location_Location 149,0.00062315236,location
trf2__location_Location 42,0.00062094536,location
trf2__location_Location 184,0.00061977305,location
trf2__location_Location 143,0.0006150866,location
trf2__u_symptom_Symptom 147,0.00061435107,u
trf2__location_Location 99,0.0006135157,location
trf2__location_Location 224,0.0006122596,location
trf2__u_symptom_Symptom 605,0.0006060228,u
remainder__opened_month,0.00060555845,opened
trf2__u_symptom_Symptom 603,0.00060196733,u
trf2__u_symptom_Symptom 360,0.0006009968,u
trf2__location_Location 112,0.0005959378,location
trf2__location_Location 218,0.00059377553,location
trf2__location_Location 46,0.0005830253,location
trf2__location_Location 205,0.0005741609,location
trf2__location_Location 111,0.0005739028,location
trf2__u_symptom_Symptom 126,0.00057292415,u
trf2__location_Location 128,0.0005714975,location
trf2__location_Location 129,0.00056756794,location
trf2__location_Location 206,0.0005663805,location
trf2__u_symptom_Symptom 230,0.0005518984,u
trf2__u_symptom_Symptom 388,0.0005492534,u
trf2__location_Location 229,0.0005485485,location
trf2__location_Location 165,0.0005480322,location
trf2__location_Location 136,0.00054736034,location
trf2__location_Location 15,0.00054266496,location
trf2__location_Location 77,0.0005418403,location
trf2__location_Location 223,0.0005416317,location
trf2__u_symptom_Symptom 318,0.000540809,u
trf2__location_Location 56,0.0005329628,location
trf2__u_symptom_Symptom 111,0.0005289731,u
trf2__u_symptom_Symptom 607,0.0005287579,u
trf2__location_Location 93,0.00052619743,location
remainder__is_weekend,0.00052542146,is
trf2__location_Location 96,0.00052496395,location
trf2__u_symptom_Symptom 481,0.0005169561,u
trf2__location_Location 18,0.0005165815,location
trf2__u_symptom_Symptom 181,0.0005151445,u
trf2__location_Location 108,0.00051143375,location
trf2__location_Location 83,0.0005049838,location
trf2__location_Location 71,0.00050442916,location
trf2__u_symptom_Symptom 276,0.00050407794,u
trf2__location_Location 45,0.00050320104,location
trf2__location_Location 124,0.0005019221,location
trf2__location_Location 57,0.00049701857,location
remainder__opened_hour,0.00049682066,opened
trf2__location_Location 43,0.00049358694,location
trf2__u_symptom_Symptom 297,0.0004926383,u
trf2__location_Location 33,0.0004887688,location
trf2__u_symptom_Symptom 197,0.0004878382,u
trf2__location_Location 135,0.0004863126,location
trf2__location_Location 144,0.00048542707,location
trf2__location_Location 161,0.000485174,location
trf2__location_Location 107,0.00047855818,location
trf2__u_symptom_Symptom 312,0.0004780456,u
trf2__u_symptom_Symptom 411,0.00047055693,u
trf2__u_symptom_Symptom 434,0.00047034252,u
trf2__u_symptom_Symptom 143,0.00046988862,u
trf2__location_Location 173,0.00046847123,location
trf2__location_Location 39,0.0004663861,location
trf2__location_Location 172,0.0004657747,location
trf2__location_Location 37,0.00046173844,location
trf2__location_Location 146,0.00045645147,location
trf2__location_Location 14,0.00045368052,location
trf2__u_symptom_Symptom 487,0.0004528973,u
trf2__location_Location 248,0.00044853697,location
trf2__u_symptom_Symptom 405,0.0004480188,u
trf2__u_symptom_Symptom 450,0.00044503325,u
trf2__u_symptom_Symptom 190,0.00044047605,u
trf2__location_Location 197,0.00043821966,location
trf2__u_symptom_Symptom 440,0.0004333866,u
trf2__u_symptom_Symptom 170,0.00042666664,u
trf2__location_Location 35,0.00042612667,location
trf2__location_Location 55,0.0004258514,location
trf2__location_Location 171,0.00041855386,location
trf2__u_symptom_Symptom 59,0.00040830404,u
trf2__location_Location 204,0.00040340165,location
trf2__location_Location 86,0.00040206593,location
trf2__opened_day_of_week_2,0.0004015852,opened
trf2__location_Location 138,0.00040039045,location
trf2__location_Location 209,0.00039887862,location
trf2__u_symptom_Symptom 572,0.00039047553,u
trf2__location_Location 179,0.0003851874,location
trf2__location_Location 9,0.00038451926,location
trf2__location_Location 114,0.0003789577,location
trf2__location_Location 162,0.00037640013,location
trf2__u_symptom_Symptom 30,0.00037320142,u
trf2__u_symptom_Symptom 383,0.0003705164,u
trf2__location_Location 131,0.0003693203,location
trf2__opened_day_of_week_6,0.00036445417,opened
trf2__u_symptom_Symptom 135,0.00036279552,u
trf2__location_Location 234,0.00035920372,location
trf2__u_symptom_Symptom 270,0.00035771923,u
trf2__u_symptom_Symptom 136,0.000355495,u
trf2__u_symptom_Symptom 251,0.0003509406,u
trf2__opened_day_of_week_0,0.00035082988,opened
trf2__opened_day_of_week_4,0.00035081548,opened
trf2__location_Location 22,0.00034489125,location
trf2__opened_day_of_week_5,0.000341596,opened
trf2__location_Location 226,0.0003373814,location
trf2__location_Location 113,0.0003339861,location
trf2__opened_day_of_week_3,0.00033286656,opened
trf2__u_symptom_Symptom 337,0.00033257,u
trf2__u_symptom_Symptom 269,0.00033120392,u
trf2__u_symptom_Symptom 13,0.0003302137,u
trf2__location_Location 92,0.0003299676,location
trf2__location_Location 8,0.0003266562,location
trf2__u_symptom_Symptom 392,0.0003258254,u
trf2__location_Location 185,0.00031648463,location
trf2__contact_type_IVR,0.00031405594,contact
trf2__location_Location 216,0.0003084056,location
trf2__location_Location 78,0.00030039324,location
trf2__u_symptom_Symptom 60,0.00029507795,u
trf2__u_symptom_Symptom 502,0.0002902555,u
trf2__u_symptom_Symptom 580,0.00028645073,u
trf2__u_symptom_Symptom 96,0.0002850284,u
trf2__u_symptom_Symptom 516,0.00028217188,u
trf2__u_symptom_Symptom 326,0.00028184144,u
trf2__u_symptom_Symptom 223,0.00027480625,u
trf2__opened_day_of_week_1,0.00027470535,opened
trf2__u_symptom_Symptom 483,0.0002722186,u
trf2__u_symptom_Symptom 162,0.00026622505,u
trf2__u_symptom_Symptom 17,0.00025866684,u
trf2__u_symptom_Symptom 565,0.0002548518,u
trf2__u_symptom_Symptom 174,0.00024620764,u
trf2__u_symptom_Symptom 83,0.00024344356,u
trf2__u_symptom_Symptom 556,0.00023899041,u
trf2__u_symptom_Symptom 199,0.00023879248,u
trf2__location_Location 141,0.00023739613,location
trf2__location_Location 133,0.00022792412,location
trf2__u_symptom_Symptom 253,0.00022724226,u
trf2__u_symptom_Symptom 560,0.00022141695,u
trf2__location_Location 11,0.00020813539,location
trf2__location_Location 168,0.00020046877,location
trf2__u_symptom_Symptom 72,0.00019862971,u
trf2__u_symptom_Symptom 485,0.00019100044,u
trf2__u_symptom_Symptom 447,0.00018900544,u
trf2__u_symptom_Symptom 107,0.0001790752,u
trf2__location_Location 215,0.00017873435,location
trf2__location_Location 217,0.00017421262,location
trf2__u_symptom_Symptom 525,0.00017350777,u
trf2__location_Location 246,0.00017319537,location
trf2__u_symptom_Symptom 511,0.00016307016,u
trf2__u_symptom_Symptom 198,0.00016130066,u
trf2__contact_type_Email,0.0001585999,contact
trf2__u_symptom_Symptom 81,0.00014514061,u
trf2__location_Location 105,0.00013930269,location
trf2__u_symptom_Symptom 410,0.00012215972,u
trf2__u_symptom_Symptom 551,0.000110527995,u
trf2__u_symptom_Symptom 73,9.353704e-05,u
trf2__u_symptom_Symptom 341,9.326091e-05,u
trf2__location_Unknown,9.305324e-05,location
trf2__location_Location 202,8.719291e-05,location
trf2__u_symptom_Symptom 528,0.0,u
trf2__u_symptom_Symptom 546,0.0,u
trf2__u_symptom_Symptom 545,0.0,u
trf2__u_symptom_Symptom 547,0.0,u
trf2__location_Location 193,0.0,location
trf2__location_Location 19,0.0,location
trf2__location_Location 181,0.0,location
trf2__u_symptom_Symptom 515,0.0,u
trf2__u_symptom_Symptom 507,0.0,u
trf2__location_Location 182,0.0,location
trf2__location_Location 191,0.0,location
trf2__u_symptom_Symptom 543,0.0,u
trf2__location_Location 164,0.0,location
trf2__location_Location 175,0.0,location
trf2__location_Location 176,0.0,location
trf2__location_Location 166,0.0,location
trf2__u_symptom_Symptom 550,0.0,u
trf2__u_symptom_Symptom 535,0.0,u
trf2__u_symptom_Symptom 536,0.0,u
trf2__u_symptom_Symptom 537,0.0,u
trf2__u_symptom_Symptom 184,0.0,u
trf2__location_Location 178,0.0,location
trf2__u_symptom_Symptom 538,0.0,u
trf2__u_symptom_Symptom 225,0.0,u
trf2__u_symptom_Symptom 185,0.0,u
trf2__u_symptom_Symptom 540,0.0,u
trf2__u_symptom_Symptom 53,0.0,u
trf2__u_symptom_Symptom 182,0.0,u
trf2__location_Location 183,0.0,location
trf2__u_symptom_Symptom 224,0.0,u
trf2__u_symptom_Symptom 542,0.0,u
trf2__location_Location 189,0.0,location
trf2__u_symptom_Symptom 265,0.0,u
trf2__u_symptom_Symptom 552,0.0,u
trf2__u_symptom_Symptom 71,0.0,u
trf2__location_Location 130,0.0,location
trf2__u_symptom_Symptom 19,0.0,u
trf2__u_symptom_Symptom 604,0.0,u
trf2__location_Location 13,0.0,location
trf2__u_symptom_Symptom 193,0.0,u
trf2__u_symptom_Symptom 194,0.0,u
trf2__u_symptom_Symptom 195,0.0,u
trf2__u_symptom_Symptom 61,0.0,u
trf2__u_symptom_Symptom 63,0.0,u
trf2__location_Location 123,0.0,location
trf2__location_Location 120,0.0,location
trf2__location_Location 119,0.0,location
trf2__u_symptom_Symptom 68,0.0,u
trf2__location_Location 115,0.0,location
trf2__u_symptom_Symptom 75,0.0,u
trf2__u_symptom_Symptom 599,0.0,u
trf2__u_symptom_Symptom 77,0.0,u
trf2__u_symptom_Symptom 80,0.0,u
trf2__u_symptom_Symptom 84,0.0,u
trf2__u_symptom_Symptom 2,0.0,u
trf2__u_symptom_Symptom 89,0.0,u
trf2__location_Location 106,0.0,location
trf2__location_Location 102,0.0,location
trf2__u_symptom_Symptom 95,0.0,u
trf2__location_Location 101,0.0,location
trf2__u_symptom_Symptom 98,0.0,u
trf2__location_Location 100,0.0,location
trf2__location_Location 10,0.0,location
trf2__contact_type_Direct opening,0.0,contact
trf2__u_symptom_Symptom 203,0.0,u
trf2__location_Location 132,0.0,location
trf2__location_Location 134,0.0,location
trf2__location_Location 16,0.0,location
trf2__u_symptom_Symptom 575,0.0,u
trf2__u_symptom_Symptom 555,0.0,u
trf2__location_Location 158,0.0,location
trf2__u_symptom_Symptom 558,0.0,u
trf2__location_Location 157,0.0,location
trf2__location_Location 151,0.0,location
trf2__u_symptom_Symptom 563,0.0,u
trf2__u_symptom_Symptom 186,0.0,u
trf2__u_symptom_Symptom 567,0.0,u
trf2__u_symptom_Symptom 568,0.0,u
trf2__u_symptom_Symptom 187,0.0,u
trf2__u_symptom_Symptom 57,0.0,u
trf2__u_symptom_Symptom 570,0.0,u
trf2__location_Location 147,0.0,location
trf2__u_symptom_Symptom 574,0.0,u
trf2__u_symptom_Symptom 576,0.0,u
trf2__u_symptom_Symptom 189,0.0,u
trf2__location_Location 145,0.0,location
trf2__u_symptom_Symptom 505,0.0,u
trf2__u_symptom_Symptom 58,0.0,u
trf2__u_symptom_Symptom 220,0.0,u
trf2__u_symptom_Symptom 582,0.0,u
trf2__u_symptom_Symptom 188,0.0,u
trf2__u_symptom_Symptom 584,0.0,u
trf2__u_symptom_Symptom 585,0.0,u
trf2__u_symptom_Symptom 586,0.0,u
trf2__location_Location 142,0.0,location
trf2__u_symptom_Symptom 588,0.0,u
trf2__u_symptom_Symptom 590,0.0,u
trf2__location_Location 140,0.0,location
trf2__location_Location 137,0.0,location
trf2__location_Location 194,0.0,location
trf2__location_Location 214,0.0,location
trf2__location_Location 195,0.0,location
trf2__u_symptom_Symptom 157,0.0,u
trf2__u_symptom_Symptom 348,0.0,u
trf2__u_symptom_Symptom 346,0.0,u
trf2__u_symptom_Symptom 345,0.0,u
trf2__u_symptom_Symptom 342,0.0,u
trf2__u_symptom_Symptom 34,0.0,u
trf2__u_symptom_Symptom 338,0.0,u
trf2__u_symptom_Symptom 335,0.0,u
trf2__u_symptom_Symptom 155,0.0,u
trf2__u_symptom_Symptom 350,0.0,u
trf2__u_symptom_Symptom 330,0.0,u
trf2__u_symptom_Symptom 327,0.0,u
trf2__location_Location 87,0.0,location
trf2__u_symptom_Symptom 324,0.0,u
trf2__u_symptom_Symptom 323,0.0,u
trf2__u_symptom_Symptom 322,0.0,u
trf2__u_symptom_Symptom 321,0.0,u
trf2__u_symptom_Symptom 158,0.0,u
trf2__u_symptom_Symptom 351,0.0,u
trf2__u_symptom_Symptom 503,0.0,u
trf2__u_symptom_Symptom 362,0.0,u
trf2__location_Location 61,0.0,location
trf2__location_Location 63,0.0,location
trf2__u_symptom_Symptom 37,0.0,u
trf2__location_Location 65,0.0,location
trf2__u_symptom_Symptom 366,0.0,u
trf2__location_Location 68,0.0,location
trf2__u_symptom_Symptom 364,0.0,u
trf2__u_symptom_Symptom 159,0.0,u
trf2__u_symptom_Symptom 352,0.0,u
trf2__u_symptom_Symptom 359,0.0,u
trf2__location_Location 72,0.0,location
trf2__u_symptom_Symptom 357,0.0,u
trf2__u_symptom_Symptom 356,0.0,u
trf2__u_symptom_Symptom 355,0.0,u
trf2__u_symptom_Symptom 354,0.0,u
trf2__u_symptom_Symptom 353,0.0,u
trf2__u_symptom_Symptom 320,0.0,u
trf2__u_symptom_Symptom 32,0.0,u
trf2__location_Location 89,0.0,location
trf2__u_symptom_Symptom 131,0.0,u
trf2__u_symptom_Symptom 289,0.0,u
trf2__u_symptom_Symptom 150,0.0,u
trf2__u_symptom_Symptom 12,0.0,u
trf2__u_symptom_Symptom 124,0.0,u
trf2__u_symptom_Symptom 125,0.0,u
trf2__u_symptom_Symptom 15,0.0,u
trf2__u_symptom_Symptom 283,0.0,u
trf2__u_symptom_Symptom 133,0.0,u
trf2__u_symptom_Symptom 154,0.0,u
trf2__u_symptom_Symptom 137,0.0,u
trf2__u_symptom_Symptom 275,0.0,u
trf2__u_symptom_Symptom 14,0.0,u
trf2__u_symptom_Symptom 141,0.0,u
trf2__u_symptom_Symptom 142,0.0,u
trf2__u_symptom_Symptom 27,0.0,u
trf2__u_symptom_Symptom 268,0.0,u
trf2__u_symptom_Symptom 109,0.0,u
trf2__u_symptom_Symptom 290,0.0,u
trf2__u_symptom_Symptom 104,0.0,u
trf2__u_symptom_Symptom 103,0.0,u
trf2__u_symptom_Symptom 317,0.0,u
trf2__u_symptom_Symptom 316,0.0,u
trf2__u_symptom_Symptom 314,0.0,u
trf2__location_Location 90,0.0,location
trf2__u_symptom_Symptom 309,0.0,u
trf2__u_symptom_Symptom 308,0.0,u
trf2__u_symptom_Symptom 307,0.0,u
trf2__u_symptom_Symptom 151,0.0,u
trf2__location_Location 94,0.0,location
trf2__u_symptom_Symptom 303,0.0,u
trf2__u_symptom_Symptom 302,0.0,u
trf2__location_Location 95,0.0,location
trf2__u_symptom_Symptom 3,0.0,u
trf2__u_symptom_Symptom 299,0.0,u
trf2__u_symptom_Symptom 262,0.0,u
trf2__location_Location 60,0.0,location
trf2__u_symptom_Symptom 373,0.0,u
trf2__location_Location 6,0.0,location
trf2__u_symptom_Symptom 172,0.0,u
trf2__location_Location 211,0.0,location
trf2__u_symptom_Symptom 144,0.0,u
trf2__u_symptom_Symptom 238,0.0,u
trf2__location_Location 219,0.0,location
trf2__u_symptom_Symptom 461,0.0,u
trf2__u_symptom_Symptom 173,0.0,u
trf2__u_symptom_Symptom 459,0.0,u
trf2__location_Location 225,0.0,location
trf2__location_Location 233,0.0,location
trf2__location_Location 227,0.0,location
trf2__location_Location 228,0.0,location
trf2__u_symptom_Symptom 453,0.0,u
trf2__u_symptom_Symptom 452,0.0,u
trf2__u_symptom_Symptom 45,0.0,u
trf2__u_symptom_Symptom 171,0.0,u
trf2__u_symptom_Symptom 448,0.0,u
trf2__u_symptom_Symptom 175,0.0,u
trf2__u_symptom_Symptom 176,0.0,u
trf2__location_Location 207,0.0,location
trf2__u_symptom_Symptom 178,0.0,u
trf2__u_symptom_Symptom 501,0.0,u
trf2__u_symptom_Symptom 500,0.0,u
trf2__location_Location 2,0.0,location
trf2__u_symptom_Symptom 231,0.0,u
trf2__u_symptom_Symptom 498,0.0,u
trf2__u_symptom_Symptom 497,0.0,u
trf2__u_symptom_Symptom 496,0.0,u
trf2__u_symptom_Symptom 180,0.0,u
trf2__u_symptom_Symptom 179,0.0,u
trf2__u_symptom_Symptom 493,0.0,u
trf2__location_Location 201,0.0,location
trf2__u_symptom_Symptom 488,0.0,u
trf2__location_Location 203,0.0,location
trf2__u_symptom_Symptom 479,0.0,u
trf2__u_symptom_Symptom 234,0.0,u
trf2__u_symptom_Symptom 243,0.0,u
trf2__u_symptom_Symptom 441,0.0,u
trf2__u_symptom_Symptom 160,0.0,u
trf2__location_Location 49,0.0,location
trf2__u_symptom_Symptom 407,0.0,u
trf2__u_symptom_Symptom 404,0.0,u
trf2__u_symptom_Symptom 165,0.0,u
trf2__u_symptom_Symptom 248,0.0,u
trf2__u_symptom_Symptom 400,0.0,u
trf2__u_symptom_Symptom 40,0.0,u
trf2__u_symptom_Symptom 164,0.0,u
trf2__u_symptom_Symptom 390,0.0,u
trf2__u_symptom_Symptom 439,0.0,u
trf2__location_Location 5,0.0,location
trf2__location_Location 50,0.0,location
trf2__u_symptom_Symptom 385,0.0,u
trf2__u_symptom_Symptom 384,0.0,u
trf2__location_Location 53,0.0,location
trf2__u_symptom_Symptom 380,0.0,u
trf2__u_symptom_Symptom 377,0.0,u
trf2__u_symptom_Symptom 408,0.0,u
trf2__u_symptom_Symptom 167,0.0,u
trf2__u_symptom_Symptom 412,0.0,u
trf2__u_symptom_Symptom 415,0.0,u
trf2__location_Location 239,0.0,location
trf2__u_symptom_Symptom 437,0.0,u
trf2__u_symptom_Symptom 436,0.0,u
trf2__u_symptom_Symptom 204,0.0,u
trf2__location_Location 244,0.0,location
trf2__location_Location 26,0.0,location
trf2__u_symptom_Symptom 428,0.0,u
trf2__u_symptom_Symptom 427,0.0,u
trf2__location_Location 29,0.0,location
trf2__location_Location 3,0.0,location
trf2__location_Location 30,0.0,location
trf2__location_Location 31,0.0,location
trf2__u_symptom_Symptom 42,0.0,u
trf2__u_symptom_Symptom 417,0.0,u
trf2__u_symptom_Symptom 416,0.0,u
trf2__u_symptom_Symptom 205,0.0,u
