Feature,Importance
remainder__opened_hour,0.2422545567910352
remainder__opened_month,0.10053181597834007
trf1__opened_day_of_week_2,0.04300828714156129
trf1__opened_day_of_week_3,0.03816245820693391
trf1__opened_day_of_week_0,0.030690037552670142
trf1__opened_day_of_week_1,0.028947605763932672
trf1__location_Location 204,0.02592935419252512
trf1__u_symptom_nan,0.02392693051956121
trf1__u_symptom_Symptom 491,0.02387279180960881
trf1__opened_day_of_week_4,0.023137483585098016
trf1__location_Location 161,0.01776393858752386
trf1__location_Location 108,0.01563267067103519
trf1__location_Location 93,0.01377635006499118
trf1__location_Location 143,0.00996257640611123
trf1__location_Location 51,0.009742381896404433
trf1__location_Location 188,0.008166222576196803
remainder__knowledge,0.008152579187817817
trf1__opened_day_of_week_5,0.007882973131039419
remainder__is_weekend,0.00693359800039819
trf1__opened_day_of_week_6,0.006735281140334914
trf1__u_symptom_Symptom 534,0.005222551156107427
trf1__u_symptom_Symptom 473,0.004900002004569566
trf1__location_Location 41,0.00474093580514207
trf1__u_symptom_Symptom 607,0.004432354381612573
trf1__location_Location 179,0.004392400009445243
trf1__u_symptom_Symptom 4,0.004302386859693379
trf1__u_symptom_Symptom 6,0.0038298175321985254
trf1__u_symptom_Symptom 116,0.0038132800004527043
trf1__location_Location 135,0.0037249804424164257
trf1__location_Location 43,0.0035499966548153353
trf1__location_Location 18,0.0034496258781394405
trf1__u_symptom_Symptom 387,0.0033459735469694904
trf1__u_symptom_Symptom 208,0.0033129713577958538
trf1__u_symptom_Symptom 296,0.0031615566482184375
trf1__u_symptom_Symptom 434,0.0031332991306497002
trf1__u_symptom_Symptom 263,0.0031003611009451314
trf1__u_symptom_Symptom 245,0.0030579839040585817
trf1__location_Location 96,0.0030419567418366045
trf1__u_symptom_Symptom 117,0.0030307080796513606
trf1__u_symptom_Symptom 486,0.0030179805444733353
trf1__u_symptom_Symptom 470,0.002941429192297652
trf1__location_Location 71,0.002874376663875055
trf1__u_symptom_Symptom 7,0.0028309625977312883
trf1__u_symptom_Symptom 242,0.002799039938366276
trf1__u_symptom_Symptom 256,0.0027510721246410794
trf1__u_symptom_Symptom 532,0.002744834558472966
trf1__u_symptom_Symptom 292,0.0027323905769264076
trf1__location_Location 128,0.0026739166010808996
trf1__location_Location 55,0.00262515466064254
trf1__location_Location 118,0.0026175977773822624
trf1__location_Location 17,0.002594590724325369
trf1__u_symptom_Symptom 472,0.0025190446747452824
trf1__location_Location 210,0.002446357598501039
trf1__location_Location 136,0.002421032322598222
trf1__location_Location 229,0.0023846777523820555
trf1__u_symptom_Symptom 580,0.0023358515766915234
trf1__u_symptom_Symptom 551,0.0022923996067970493
trf1__location_Location 170,0.0022051608420548124
trf1__location_Location 246,0.0020917370154493794
trf1__u_symptom_Symptom 240,0.0020799618834379087
trf1__u_symptom_Symptom 8,0.002073889521838553
trf1__u_symptom_Symptom 217,0.0020559152804044286
trf1__location_Location 54,0.002041377308199415
trf1__u_symptom_Symptom 594,0.002018008324671993
trf1__u_symptom_Symptom 273,0.0020165061651725323
trf1__u_symptom_Symptom 494,0.0019238438117419692
trf1__u_symptom_Symptom 512,0.0019170390261931888
trf1__u_symptom_Symptom 183,0.0019016366558637127
trf1__u_symptom_Symptom 589,0.001891842187746764
trf1__u_symptom_Symptom 119,0.00189077046814141
trf1__location_Location 56,0.001855033309649879
trf1__u_symptom_Symptom 199,0.0018523922449502736
trf1__location_Location 245,0.0018219088334807754
trf1__u_symptom_Symptom 287,0.0018218924931079968
trf1__u_symptom_Symptom 241,0.001807622584932051
trf1__u_symptom_Symptom 270,0.0017914576802974252
trf1__u_symptom_Symptom 435,0.0017578496338481876
trf1__location_Location 47,0.0017486552794867057
trf1__location_Location 131,0.0016919486994358183
trf1__u_symptom_Symptom 529,0.0016670669928547282
trf1__u_symptom_Symptom 118,0.00166365329119031
trf1__u_symptom_Symptom 186,0.001647896482914976
trf1__location_Location 76,0.0016007242593144794
trf1__u_symptom_Symptom 239,0.0015970271503489655
trf1__u_symptom_Symptom 9,0.0015693573498361689
trf1__location_Location 79,0.0015331400082553126
trf1__u_symptom_Symptom 571,0.0015215265985839168
trf1__u_symptom_Symptom 70,0.001495426090094302
trf1__u_symptom_Symptom 286,0.001447558621104299
trf1__u_symptom_Symptom 120,0.0014451627689722594
trf1__location_Location 85,0.0014451570529869172
trf1__u_symptom_Symptom 523,0.001438122140664303
trf1__u_symptom_Symptom 471,0.0014197536285015507
trf1__u_symptom_Symptom 134,0.0014184224506512211
trf1__u_symptom_Symptom 311,0.0014107775040614581
trf1__u_symptom_Symptom 381,0.0013967475064324876
trf1__location_nan,0.001379359638816933
trf1__location_Location 199,0.0013562146357104276
trf1__u_symptom_Symptom 392,0.0013510732793094342
trf1__location_Location 110,0.0013464865675613437
trf1__contact_type_Self service,0.0013445214460432444
trf1__u_symptom_Symptom 524,0.0013419231731361895
trf1__location_Location 116,0.0013414628767256616
trf1__location_Location 29,0.001271173837246757
trf1__location_Location 197,0.0012673867164609538
trf1__u_symptom_Symptom 218,0.0012558802479285907
trf1__u_symptom_Symptom 102,0.0012444526786214037
trf1__u_symptom_Symptom 583,0.001226259061762147
trf1__u_symptom_Symptom 315,0.001216557432532233
trf1__u_symptom_Symptom 222,0.0012049413722867212
trf1__u_symptom_Symptom 609,0.0012018084305006121
trf1__u_symptom_Symptom 209,0.0011793106610692074
trf1__u_symptom_Symptom 293,0.0011647714598223113
trf1__u_symptom_Symptom 440,0.0011616533684874891
trf1__u_symptom_Symptom 538,0.0011527870560253295
trf1__u_symptom_Symptom 492,0.0011330193788801365
trf1__u_symptom_Symptom 370,0.001131686867898749
trf1__u_symptom_Symptom 517,0.00112743150966113
trf1__u_symptom_Symptom 264,0.0011264598932410044
trf1__u_symptom_Symptom 318,0.0011172111112211975
trf1__u_symptom_Symptom 572,0.001108536236024494
trf1__u_symptom_Symptom 227,0.0011010650986629917
trf1__u_symptom_Symptom 87,0.0011009447374710321
trf1__location_Location 176,0.001095917436968032
trf1__u_symptom_Symptom 504,0.0010792002881188385
trf1__location_Location 42,0.0010728050860555895
trf1__u_symptom_Symptom 458,0.0010678390360497158
trf1__u_symptom_Symptom 232,0.0010611298695047725
trf1__u_symptom_Symptom 606,0.0010561529657017665
trf1__location_Location 69,0.0010499893140934055
trf1__u_symptom_Symptom 531,0.001046286016924094
trf1__u_symptom_Symptom 126,0.0010178846151197758
trf1__u_symptom_Symptom 121,0.0010173876719212743
trf1__u_symptom_Symptom 592,0.001014923262613604
trf1__u_symptom_Symptom 557,0.0009844961145271632
trf1__location_Location 187,0.000975041170946453
trf1__u_symptom_Symptom 68,0.0009635027505093607
trf1__u_symptom_Symptom 257,0.0009566627205157517
trf1__u_symptom_Symptom 107,0.0009531865110406198
trf1__location_Location 45,0.000950225991309293
trf1__u_symptom_Symptom 236,0.0009442445407114078
trf1__location_Location 15,0.0009430507511112974
trf1__u_symptom_Symptom 47,0.0009406884958431542
trf1__location_Location 37,0.0009331185158494433
trf1__u_symptom_Symptom 10,0.0009315929763269052
trf1__u_symptom_Symptom 581,0.0009248384445834526
trf1__u_symptom_Symptom 228,0.0009018323512379341
trf1__contact_type_Phone,0.0008950686475602945
trf1__u_symptom_Symptom 391,0.0008941312407767896
trf1__u_symptom_Symptom 418,0.0008903767270765104
trf1__location_Location 231,0.000869403262501174
trf1__u_symptom_Symptom 93,0.0008648089770767791
trf1__location_Location 172,0.0008636391555132022
trf1__u_symptom_Symptom 454,0.0008632936036867927
trf1__u_symptom_Symptom 86,0.0008510591901487526
trf1__u_symptom_Symptom 224,0.0008497220505622544
trf1__u_symptom_Symptom 280,0.0008436704172300048
trf1__u_symptom_Symptom 514,0.0008348199257469661
trf1__u_symptom_Symptom 432,0.0008235479305667787
trf1__u_symptom_Symptom 469,0.0008205198393650376
trf1__u_symptom_Symptom 65,0.0008184878635754245
trf1__location_Location 232,0.0008129598149145829
trf1__u_symptom_Symptom 253,0.0007953973242112715
trf1__u_symptom_Symptom 105,0.0007879911997082117
trf1__u_symptom_Symptom 543,0.000767880064054945
trf1__u_symptom_Symptom 136,0.0007671753560916474
trf1__u_symptom_Symptom 314,0.0007576167303680248
trf1__u_symptom_Symptom 267,0.0007574789306105395
trf1__location_Location 46,0.0007564727838356366
trf1__location_Location 111,0.0007544173162116471
trf1__u_symptom_Symptom 2,0.0007529072429702501
trf1__u_symptom_Symptom 424,0.0007462189467969801
trf1__location_Location 44,0.0007457445658334824
trf1__location_Location 112,0.000742959226927666
trf1__location_Location 28,0.0007412778481962846
trf1__u_symptom_Symptom 573,0.000738338207014062
trf1__location_Location 5,0.0007373435115716107
trf1__location_Location 22,0.0007288681178084768
trf1__location_Location 240,0.000724637897697062
trf1__u_symptom_Symptom 324,0.0007216306368852266
trf1__location_Location 36,0.0007187182472459314
trf1__u_symptom_Symptom 13,0.0007177271796711418
trf1__u_symptom_Symptom 462,0.0007115864650462692
trf1__location_Location 249,0.0007064855330222179
trf1__u_symptom_Symptom 579,0.0007054740564501516
trf1__u_symptom_Symptom 247,0.0006998717449634937
trf1__u_symptom_Symptom 215,0.0006722244417956058
trf1__u_symptom_Symptom 496,0.0006710597647317417
trf1__u_symptom_Symptom 297,0.0006510825144039403
trf1__location_Location 39,0.0006236152730314294
trf1__u_symptom_Symptom 258,0.0006203860522458483
trf1__notify_Do Not Notify,0.0006088204511084044
trf1__u_symptom_Symptom 235,0.0006087964981917259
trf1__u_symptom_Symptom 51,0.0005939843537449248
trf1__location_Location 133,0.0005920561232152711
trf1__u_symptom_Symptom 327,0.0005864100624837096
trf1__u_symptom_Symptom 519,0.0005791529501145462
trf1__u_symptom_Symptom 351,0.0005768210668740789
trf1__location_Location 70,0.0005746040251581345
trf1__u_symptom_Symptom 412,0.000568136978184488
trf1__u_symptom_Symptom 43,0.0005676699131043418
trf1__u_symptom_Symptom 371,0.0005674714106449262
trf1__location_Location 113,0.0005657597787595617
trf1__location_Location 173,0.0005609992647673369
trf1__u_symptom_Symptom 113,0.0005601015253568154
trf1__location_Location 247,0.0005593625166353663
trf1__location_Location 216,0.0005463605563348912
trf1__location_Location 10,0.0005448236668947402
trf1__u_symptom_Symptom 54,0.0005444676845723321
trf1__location_Location 241,0.0005430303164423076
trf1__location_Location 153,0.0005415155875261492
trf1__location_Location 149,0.0005388026005570819
trf1__location_Location 146,0.0005014749204918876
trf1__location_Location 214,0.0004994207299829992
trf1__u_symptom_Symptom 106,0.00048428669430583587
trf1__u_symptom_Symptom 463,0.00047852835418389465
trf1__u_symptom_Symptom 332,0.0004732287370718214
trf1__u_symptom_Symptom 114,0.0004724511499356002
trf1__u_symptom_Symptom 212,0.0004683250298647371
trf1__u_symptom_Symptom 312,0.00046810757508969103
trf1__location_Location 224,0.00046648403025464767
trf1__u_symptom_Symptom 474,0.00045959280296654974
trf1__u_symptom_Symptom 325,0.0004294752073377076
trf1__location_Location 92,0.00042716251231458553
trf1__location_Location 38,0.00042660946163055946
trf1__u_symptom_Symptom 205,0.00042584605792695513
trf1__location_Location 83,0.00042208970930417464
trf1__u_symptom_Symptom 285,0.00041913491822987423
trf1__location_Location 81,0.0004186939269886301
trf1__location_Location 33,0.00041820579920458115
trf1__u_symptom_Symptom 295,0.0004090552492660468
trf1__u_symptom_Symptom 513,0.000404964913441923
trf1__u_symptom_Symptom 329,0.0003986505865403192
trf1__location_Location 72,0.0003926492781742747
trf1__location_Location 26,0.0003855942290515756
trf1__location_Location 115,0.00038555652826405615
trf1__location_Location 100,0.000381893965541933
trf1__u_symptom_Symptom 170,0.00038058465877337456
trf1__u_symptom_Symptom 243,0.00037870138027714566
trf1__u_symptom_Symptom 354,0.0003776779541001091
trf1__u_symptom_Symptom 165,0.00037253513464025506
trf1__u_symptom_Symptom 291,0.00037058063682720427
trf1__location_Location 125,0.0003698105301035082
trf1__u_symptom_Symptom 587,0.0003582296888449479
trf1__u_symptom_Symptom 131,0.00035601888047301084
trf1__u_symptom_Symptom 127,0.00035527724787326866
trf1__u_symptom_Symptom 56,0.00035099380691427625
trf1__location_Location 82,0.00033207764354300086
trf1__u_symptom_Symptom 425,0.0003318484578809591
trf1__location_Location 226,0.00031352018713205244
trf1__u_symptom_Symptom 33,0.00030543360337887364
trf1__u_symptom_Symptom 374,0.00030032999589799683
trf1__location_Location 90,0.00028053252716379314
trf1__location_Location 235,0.000279475856852089
trf1__location_Location 223,0.00027858819840529314
trf1__location_Location 196,0.00027668526144499254
trf1__u_symptom_Symptom 596,0.0002710291021628823
trf1__u_symptom_Symptom 601,0.0002596093751011959
trf1__location_Location 171,0.00025580248007043974
trf1__location_Location 34,0.00025521761120377343
trf1__u_symptom_Symptom 423,0.0002530500889400848
trf1__location_Location 23,0.0002125283307789124
trf1__u_symptom_Symptom 98,0.00021093023941184865
trf1__u_symptom_Symptom 322,0.0002094020295328361
trf1__location_Location 107,0.00020570890595060767
trf1__u_symptom_Symptom 27,0.00020320752869670063
trf1__u_symptom_Symptom 141,0.00019954641250125333
trf1__contact_type_IVR,0.00019945002868495239
trf1__u_symptom_Symptom 558,0.00019867764121798162
trf1__u_symptom_Symptom 57,0.00019795661837666463
trf1__u_symptom_Symptom 366,0.00019768229060379065
trf1__u_symptom_Symptom 510,0.00019760020161113727
trf1__location_Location 11,0.00019720398802634841
trf1__u_symptom_Symptom 84,0.000196887966792848
trf1__u_symptom_Symptom 147,0.00019472656822919744
trf1__u_symptom_Symptom 373,0.00019140237001261362
trf1__u_symptom_Symptom 225,0.00019089035595550377
trf1__u_symptom_Symptom 508,0.0001846506498279728
trf1__location_Location 205,0.00017780658760961307
trf1__u_symptom_Symptom 115,0.0001776830784872002
trf1__u_symptom_Symptom 276,0.0001770049276874895
trf1__u_symptom_Symptom 261,0.00017387506469544465
trf1__u_symptom_Symptom 352,0.00016675421968026592
trf1__u_symptom_Symptom 214,0.00014428169601006616
trf1__u_symptom_Symptom 44,0.00013942225175182302
trf1__u_symptom_Symptom 499,0.00013616163755211596
trf1__u_symptom_Symptom 465,0.00012957508444483802
trf1__u_symptom_Symptom 389,0.00012862809628915914
trf1__u_symptom_Symptom 466,0.00012768757444102442
trf1__location_Location 222,0.0001206471721090895
trf1__u_symptom_Symptom 238,0.00011707210763262935
trf1__location_Location 97,0.0001125554101022461
trf1__u_symptom_Symptom 509,0.00011115625501357981
trf1__location_Location 144,0.00010908879373391122
trf1__u_symptom_Symptom 156,0.00010595262717096195
trf1__u_symptom_Symptom 266,0.00010072112943703035
trf1__u_symptom_Symptom 194,9.654089454063858e-05
trf1__u_symptom_Symptom 320,9.245588074842944e-05
trf1__location_Location 209,8.688834464092676e-05
trf1__u_symptom_Symptom 379,7.517428185026862e-05
trf1__u_symptom_Symptom 506,6.773584289890023e-05
trf1__u_symptom_Symptom 211,5.752291089923057e-05
trf1__u_symptom_Symptom 495,5.534857780649665e-05
trf1__u_symptom_Symptom 274,5.294504349106142e-05
trf1__u_symptom_Symptom 259,3.239889819435444e-05
trf1__contact_type_Email,2.432532372322e-05
trf1__u_symptom_Symptom 455,1.9713582072767304e-05
trf1__u_symptom_Symptom 461,0.0
trf1__u_symptom_Symptom 481,0.0
trf1__u_symptom_Symptom 438,0.0
trf1__u_symptom_Symptom 396,0.0
trf1__u_symptom_Symptom 406,0.0
trf1__u_symptom_Symptom 439,0.0
trf1__u_symptom_Symptom 397,0.0
trf1__u_symptom_Symptom 407,0.0
trf1__location_Location 147,0.0
trf1__u_symptom_Symptom 443,0.0
trf1__u_symptom_Symptom 398,0.0
trf1__u_symptom_Symptom 444,0.0
trf1__u_symptom_Symptom 483,0.0
trf1__u_symptom_Symptom 426,0.0
trf1__location_Location 151,0.0
trf1__u_symptom_Symptom 408,0.0
trf1__u_symptom_Symptom 448,0.0
trf1__u_symptom_Symptom 409,0.0
trf1__u_symptom_Symptom 437,0.0
trf1__u_symptom_Symptom 485,0.0
trf1__u_symptom_Symptom 417,0.0
trf1__u_symptom_Symptom 410,0.0
trf1__location_Location 141,0.0
trf1__u_symptom_Symptom 436,0.0
trf1__u_symptom_Symptom 487,0.0
trf1__u_symptom_Symptom 411,0.0
trf1__location_Location 148,0.0
trf1__u_symptom_Symptom 488,0.0
trf1__location_Location 140,0.0
trf1__u_symptom_Symptom 447,0.0
trf1__u_symptom_Symptom 405,0.0
trf1__u_symptom_Symptom 433,0.0
trf1__u_symptom_Symptom 457,0.0
trf1__u_symptom_Symptom 456,0.0
trf1__u_symptom_Symptom 402,0.0
trf1__u_symptom_Symptom 468,0.0
trf1__u_symptom_Symptom 415,0.0
trf1__u_symptom_Symptom 467,0.0
trf1__u_symptom_Symptom 42,0.0
trf1__u_symptom_Symptom 403,0.0
trf1__u_symptom_Symptom 429,0.0
trf1__u_symptom_Symptom 420,0.0
trf1__u_symptom_Symptom 464,0.0
trf1__u_symptom_Symptom 459,0.0
trf1__u_symptom_Symptom 460,0.0
trf1__u_symptom_Symptom 430,0.0
trf1__u_symptom_Symptom 431,0.0
trf1__u_symptom_Symptom 404,0.0
trf1__u_symptom_Symptom 401,0.0
trf1__u_symptom_Symptom 449,0.0
trf1__u_symptom_Symptom 40,0.0
trf1__u_symptom_Symptom 421,0.0
trf1__u_symptom_Symptom 48,0.0
trf1__u_symptom_Symptom 479,0.0
trf1__u_symptom_Symptom 427,0.0
trf1__u_symptom_Symptom 475,0.0
trf1__u_symptom_Symptom 45,0.0
trf1__u_symptom_Symptom 450,0.0
trf1__location_Location 145,0.0
trf1__u_symptom_Symptom 428,0.0
trf1__location_Location 142,0.0
trf1__u_symptom_Symptom 400,0.0
trf1__u_symptom_Symptom 452,0.0
trf1__u_symptom_Symptom 453,0.0
trf1__u_symptom_Symptom 419,0.0
trf1__u_symptom_Symptom 416,0.0
trf1__u_symptom_Symptom 530,0.0
trf1__location_Location 14,0.0
trf1__u_symptom_Symptom 62,0.0
trf1__u_symptom_Symptom 608,0.0
trf1__location_Location 117,0.0
trf1__u_symptom_Symptom 605,0.0
trf1__u_symptom_Symptom 604,0.0
trf1__u_symptom_Symptom 603,0.0
trf1__u_symptom_Symptom 602,0.0
trf1__u_symptom_Symptom 600,0.0
trf1__u_symptom_Symptom 60,0.0
trf1__location_Location 119,0.0
trf1__u_symptom_Symptom 599,0.0
trf1__u_symptom_Symptom 598,0.0
trf1__u_symptom_Symptom 597,0.0
trf1__u_symptom_Symptom 595,0.0
trf1__location_Location 12,0.0
trf1__u_symptom_Symptom 593,0.0
trf1__u_symptom_Symptom 590,0.0
trf1__u_symptom_Symptom 59,0.0
trf1__location_Location 120,0.0
trf1__u_symptom_Symptom 588,0.0
trf1__u_symptom_Symptom 586,0.0
trf1__u_symptom_Symptom 585,0.0
trf1__u_symptom_Symptom 584,0.0
trf1__location_Location 121,0.0
trf1__u_symptom_Symptom 582,0.0
trf1__location_Location 122,0.0
trf1__u_symptom_Symptom 58,0.0
trf1__u_symptom_Symptom 578,0.0
trf1__u_symptom_Symptom 61,0.0
trf1__u_symptom_Symptom 63,0.0
trf1__u_symptom_Symptom 575,0.0
trf1__u_symptom_Symptom 66,0.0
trf1__location_Location 101,0.0
trf1__location_Location 102,0.0
trf1__location_Location 105,0.0
trf1__location_Location 106,0.0
trf1__location_Location 109,0.0
trf1__notify_Send Email,0.0
trf1__u_symptom_Symptom 99,0.0
trf1__u_symptom_Symptom 97,0.0
trf1__u_symptom_Symptom 96,0.0
trf1__u_symptom_Symptom 95,0.0
trf1__u_symptom_Symptom 94,0.0
trf1__u_symptom_Symptom 92,0.0
trf1__u_symptom_Symptom 89,0.0
trf1__u_symptom_Symptom 88,0.0
trf1__u_symptom_Symptom 83,0.0
trf1__u_symptom_Symptom 81,0.0
trf1__u_symptom_Symptom 80,0.0
trf1__u_symptom_Symptom 79,0.0
trf1__u_symptom_Symptom 77,0.0
trf1__u_symptom_Symptom 75,0.0
trf1__u_symptom_Symptom 74,0.0
trf1__u_symptom_Symptom 73,0.0
trf1__u_symptom_Symptom 72,0.0
trf1__u_symptom_Symptom 71,0.0
trf1__location_Location 114,0.0
trf1__u_symptom_Symptom 69,0.0
trf1__u_symptom_Symptom 67,0.0
trf1__u_symptom_Symptom 577,0.0
trf1__u_symptom_Symptom 574,0.0
trf1__u_symptom_Symptom 493,0.0
trf1__location_Location 129,0.0
trf1__location_Location 13,0.0
trf1__u_symptom_Symptom 53,0.0
trf1__location_Location 130,0.0
trf1__u_symptom_Symptom 528,0.0
trf1__u_symptom_Symptom 526,0.0
trf1__u_symptom_Symptom 525,0.0
trf1__location_Location 132,0.0
trf1__u_symptom_Symptom 522,0.0
trf1__u_symptom_Symptom 521,0.0
trf1__u_symptom_Symptom 520,0.0
trf1__u_symptom_Symptom 518,0.0
trf1__location_Location 134,0.0
trf1__u_symptom_Symptom 516,0.0
trf1__u_symptom_Symptom 515,0.0
trf1__location_Location 137,0.0
trf1__u_symptom_Symptom 511,0.0
trf1__u_symptom_Symptom 507,0.0
trf1__u_symptom_Symptom 505,0.0
trf1__u_symptom_Symptom 503,0.0
trf1__u_symptom_Symptom 502,0.0
trf1__u_symptom_Symptom 501,0.0
trf1__u_symptom_Symptom 500,0.0
trf1__u_symptom_Symptom 50,0.0
trf1__u_symptom_Symptom 5,0.0
trf1__u_symptom_Symptom 498,0.0
trf1__u_symptom_Symptom 497,0.0
trf1__location_Location 138,0.0
trf1__u_symptom_Symptom 533,0.0
trf1__u_symptom_Symptom 535,0.0
trf1__location_Location 123,0.0
trf1__u_symptom_Symptom 536,0.0
trf1__u_symptom_Symptom 570,0.0
trf1__u_symptom_Symptom 569,0.0
trf1__u_symptom_Symptom 568,0.0
trf1__u_symptom_Symptom 567,0.0
trf1__u_symptom_Symptom 566,0.0
trf1__u_symptom_Symptom 565,0.0
trf1__u_symptom_Symptom 564,0.0
trf1__u_symptom_Symptom 563,0.0
trf1__u_symptom_Symptom 562,0.0
trf1__u_symptom_Symptom 560,0.0
trf1__u_symptom_Symptom 559,0.0
trf1__u_symptom_Symptom 556,0.0
trf1__u_symptom_Symptom 555,0.0
trf1__u_symptom_Symptom 553,0.0
trf1__u_symptom_Symptom 552,0.0
trf1__location_Location 124,0.0
trf1__u_symptom_Symptom 550,0.0
trf1__u_symptom_Symptom 55,0.0
trf1__u_symptom_Symptom 548,0.0
trf1__u_symptom_Symptom 547,0.0
trf1__u_symptom_Symptom 546,0.0
trf1__u_symptom_Symptom 545,0.0
trf1__u_symptom_Symptom 544,0.0
trf1__u_symptom_Symptom 542,0.0
trf1__u_symptom_Symptom 541,0.0
trf1__u_symptom_Symptom 540,0.0
trf1__u_symptom_Symptom 537,0.0
trf1__u_symptom_Symptom 390,0.0
trf1__location_Location 213,0.0
trf1__u_symptom_Symptom 388,0.0
trf1__u_symptom_Symptom 15,0.0
trf1__u_symptom_Symptom 144,0.0
trf1__u_symptom_Symptom 143,0.0
trf1__u_symptom_Symptom 142,0.0
trf1__u_symptom_Symptom 14,0.0
trf1__u_symptom_Symptom 137,0.0
trf1__u_symptom_Symptom 135,0.0
trf1__location_Location 185,0.0
trf1__u_symptom_Symptom 133,0.0
trf1__u_symptom_Symptom 130,0.0
trf1__u_symptom_Symptom 129,0.0
trf1__u_symptom_Symptom 125,0.0
trf1__u_symptom_Symptom 124,0.0
trf1__location_Location 186,0.0
trf1__u_symptom_Symptom 12,0.0
trf1__location_Location 189,0.0
trf1__location_Location 19,0.0
trf1__location_Location 190,0.0
trf1__u_symptom_Symptom 112,0.0
trf1__u_symptom_Symptom 111,0.0
trf1__u_symptom_Symptom 110,0.0
trf1__u_symptom_Symptom 11,0.0
trf1__u_symptom_Symptom 109,0.0
trf1__u_symptom_Symptom 103,0.0
trf1__location_Location 191,0.0
trf1__u_symptom_Symptom 101,0.0
trf1__location_Location 193,0.0
trf1__location_Location 99,0.0
trf1__location_Location 98,0.0
trf1__location_Location 194,0.0
trf1__u_symptom_Symptom 148,0.0
trf1__u_symptom_Symptom 150,0.0
trf1__location_Location 94,0.0
trf1__u_symptom_Symptom 151,0.0
trf1__u_symptom_Symptom 188,0.0
trf1__u_symptom_Symptom 187,0.0
trf1__location_Location 183,0.0
trf1__u_symptom_Symptom 185,0.0
trf1__u_symptom_Symptom 184,0.0
trf1__location_Location 184,0.0
trf1__u_symptom_Symptom 182,0.0
trf1__u_symptom_Symptom 181,0.0
trf1__u_symptom_Symptom 180,0.0
trf1__u_symptom_Symptom 179,0.0
trf1__u_symptom_Symptom 178,0.0
trf1__u_symptom_Symptom 177,0.0
trf1__u_symptom_Symptom 176,0.0
trf1__u_symptom_Symptom 174,0.0
trf1__u_symptom_Symptom 173,0.0
trf1__u_symptom_Symptom 172,0.0
trf1__u_symptom_Symptom 171,0.0
trf1__u_symptom_Symptom 17,0.0
trf1__u_symptom_Symptom 169,0.0
trf1__u_symptom_Symptom 167,0.0
trf1__u_symptom_Symptom 164,0.0
trf1__u_symptom_Symptom 162,0.0
trf1__u_symptom_Symptom 160,0.0
trf1__u_symptom_Symptom 159,0.0
trf1__u_symptom_Symptom 158,0.0
trf1__u_symptom_Symptom 157,0.0
trf1__u_symptom_Symptom 155,0.0
trf1__u_symptom_Symptom 154,0.0
trf1__u_symptom_Symptom 152,0.0
trf1__location_Location 95,0.0
trf1__location_Location 195,0.0
trf1__u_symptom_Symptom 385,0.0
trf1__location_Location 208,0.0
trf1__location_Location 4,0.0
trf1__location_Location 35,0.0
trf1__location_Location 31,0.0
trf1__location_Location 30,0.0
trf1__location_Location 3,0.0
trf1__location_Location 27,0.0
trf1__location_Location 25,0.0
trf1__location_Location 248,0.0
trf1__location_Location 21,0.0
trf1__location_Location 211,0.0
trf1__location_Location 244,0.0
trf1__location_Location 243,0.0
trf1__location_Location 242,0.0
trf1__location_Location 24,0.0
trf1__location_Location 239,0.0
trf1__location_Location 237,0.0
trf1__location_Location 236,0.0
trf1__location_Location 234,0.0
trf1__location_Location 233,0.0
trf1__location_Location 212,0.0
trf1__location_Location 228,0.0
trf1__location_Location 227,0.0
trf1__location_Location 225,0.0
trf1__location_Location 221,0.0
trf1__location_Location 220,0.0
trf1__location_Location 219,0.0
trf1__location_Location 218,0.0
trf1__location_Location 217,0.0
trf1__location_Location 215,0.0
trf1__location_Location 40,0.0
trf1__location_Location 207,0.0
trf1__location_Location 91,0.0
trf1__location_Location 206,0.0
trf1__location_Location 9,0.0
trf1__location_Location 89,0.0
trf1__location_Location 87,0.0
trf1__location_Location 86,0.0
trf1__location_Location 8,0.0
trf1__location_Location 2,0.0
trf1__location_Location 78,0.0
trf1__location_Location 77,0.0
trf1__location_Location 20,0.0
trf1__location_Location 75,0.0
trf1__location_Location 73,0.0
trf1__location_Location 200,0.0
trf1__location_Location 68,0.0
trf1__location_Location 66,0.0
trf1__location_Location 65,0.0
trf1__location_Location 64,0.0
trf1__location_Location 63,0.0
trf1__location_Location 61,0.0
trf1__location_Location 60,0.0
trf1__location_Location 6,0.0
trf1__location_Location 59,0.0
trf1__location_Location 57,0.0
trf1__location_Location 201,0.0
trf1__location_Location 202,0.0
trf1__location_Location 203,0.0
trf1__location_Location 53,0.0
trf1__location_Location 52,0.0
trf1__location_Location 50,0.0
trf1__location_Location 49,0.0
trf1__u_symptom_Symptom 189,0.0
trf1__u_symptom_Symptom 190,0.0
trf1__u_symptom_Symptom 193,0.0
trf1__u_symptom_Symptom 338,0.0
trf1__u_symptom_Symptom 335,0.0
trf1__u_symptom_Symptom 333,0.0
trf1__u_symptom_Symptom 331,0.0
trf1__u_symptom_Symptom 330,0.0
trf1__u_symptom_Symptom 328,0.0
trf1__u_symptom_Symptom 326,0.0
trf1__u_symptom_Symptom 323,0.0
trf1__u_symptom_Symptom 321,0.0
trf1__u_symptom_Symptom 32,0.0
trf1__u_symptom_Symptom 319,0.0
trf1__u_symptom_Symptom 317,0.0
trf1__u_symptom_Symptom 316,0.0
trf1__location_Location 157,0.0
trf1__u_symptom_Symptom 313,0.0
trf1__location_Location 158,0.0
trf1__u_symptom_Symptom 310,0.0
trf1__u_symptom_Symptom 309,0.0
trf1__u_symptom_Symptom 308,0.0
trf1__u_symptom_Symptom 307,0.0
trf1__u_symptom_Symptom 305,0.0
trf1__u_symptom_Symptom 304,0.0
trf1__u_symptom_Symptom 303,0.0
trf1__u_symptom_Symptom 302,0.0
trf1__u_symptom_Symptom 301,0.0
trf1__u_symptom_Symptom 30,0.0
trf1__u_symptom_Symptom 3,0.0
trf1__u_symptom_Symptom 299,0.0
trf1__location_Location 16,0.0
trf1__u_symptom_Symptom 294,0.0
trf1__u_symptom_Symptom 337,0.0
trf1__u_symptom_Symptom 34,0.0
trf1__u_symptom_Symptom 195,0.0
trf1__u_symptom_Symptom 340,0.0
trf1__u_symptom_Symptom 384,0.0
trf1__u_symptom_Symptom 383,0.0
trf1__u_symptom_Symptom 382,0.0
trf1__location_Location 155,0.0
trf1__u_symptom_Symptom 380,0.0
trf1__u_symptom_Symptom 377,0.0
trf1__u_symptom_Symptom 376,0.0
trf1__u_symptom_Symptom 375,0.0
trf1__u_symptom_Symptom 372,0.0
trf1__location_Location 156,0.0
trf1__u_symptom_Symptom 37,0.0
trf1__u_symptom_Symptom 368,0.0
trf1__u_symptom_Symptom 365,0.0
trf1__u_symptom_Symptom 364,0.0
trf1__u_symptom_Symptom 362,0.0
trf1__u_symptom_Symptom 361,0.0
trf1__u_symptom_Symptom 360,0.0
trf1__u_symptom_Symptom 359,0.0
trf1__u_symptom_Symptom 358,0.0
trf1__u_symptom_Symptom 357,0.0
trf1__u_symptom_Symptom 356,0.0
trf1__u_symptom_Symptom 355,0.0
trf1__u_symptom_Symptom 353,0.0
trf1__u_symptom_Symptom 35,0.0
trf1__u_symptom_Symptom 348,0.0
trf1__u_symptom_Symptom 346,0.0
trf1__u_symptom_Symptom 345,0.0
trf1__u_symptom_Symptom 342,0.0
trf1__u_symptom_Symptom 341,0.0
trf1__location_Location 160,0.0
trf1__location_Location 162,0.0
trf1__u_symptom_Symptom 290,0.0
trf1__u_symptom_Symptom 29,0.0
trf1__u_symptom_Symptom 244,0.0
trf1__location_Location 174,0.0
trf1__location_Location 175,0.0
trf1__u_symptom_Symptom 237,0.0
trf1__u_symptom_Symptom 234,0.0
trf1__u_symptom_Symptom 233,0.0
trf1__u_symptom_Symptom 231,0.0
trf1__u_symptom_Symptom 230,0.0
trf1__u_symptom_Symptom 23,0.0
trf1__u_symptom_Symptom 226,0.0
trf1__u_symptom_Symptom 223,0.0
trf1__u_symptom_Symptom 221,0.0
trf1__u_symptom_Symptom 220,0.0
trf1__u_symptom_Symptom 22,0.0
trf1__u_symptom_Symptom 219,0.0
trf1__location_Location 177,0.0
trf1__location_Location 178,0.0
trf1__u_symptom_Symptom 216,0.0
trf1__u_symptom_Symptom 213,0.0
trf1__u_symptom_Symptom 210,0.0
trf1__location_Location 180,0.0
trf1__location_Location 181,0.0
trf1__u_symptom_Symptom 207,0.0
trf1__u_symptom_Symptom 204,0.0
trf1__u_symptom_Symptom 203,0.0
trf1__u_symptom_Symptom 20,0.0
trf1__location_Location 182,0.0
trf1__u_symptom_Symptom 198,0.0
trf1__u_symptom_Symptom 197,0.0
trf1__u_symptom_Symptom 246,0.0
trf1__u_symptom_Symptom 248,0.0
trf1__u_symptom_Symptom 249,0.0
trf1__u_symptom_Symptom 271,0.0
trf1__u_symptom_Symptom 288,0.0
trf1__location_Location 164,0.0
trf1__location_Location 165,0.0
trf1__u_symptom_Symptom 284,0.0
trf1__u_symptom_Symptom 283,0.0
trf1__u_symptom_Symptom 282,0.0
trf1__u_symptom_Symptom 281,0.0
trf1__u_symptom_Symptom 279,0.0
trf1__u_symptom_Symptom 278,0.0
trf1__u_symptom_Symptom 277,0.0
trf1__u_symptom_Symptom 275,0.0
trf1__location_Location 166,0.0
trf1__u_symptom_Symptom 272,0.0
trf1__location_Location 167,0.0
trf1__u_symptom_Symptom 25,0.0
trf1__u_symptom_Symptom 269,0.0
trf1__u_symptom_Symptom 268,0.0
trf1__u_symptom_Symptom 265,0.0
trf1__location_Location 168,0.0
trf1__u_symptom_Symptom 262,0.0
trf1__u_symptom_Symptom 260,0.0
trf1__u_symptom_Symptom 26,0.0
trf1__location_Location 169,0.0
trf1__u_symptom_Symptom 255,0.0
trf1__u_symptom_Symptom 254,0.0
trf1__u_symptom_Symptom 252,0.0
trf1__u_symptom_Symptom 251,0.0
trf1__u_symptom_Symptom 250,0.0
trf1__contact_type_Direct opening,0.0
